{"cameraMode":{"drawMode":0,"name":"Shaded","section":"Shading Mode"},"sceneLighting":true,"audioPlay":false,"sceneViewState":{"m_AlwaysRefresh":false,"showFog":true,"showSkybox":false,"showFlares":true,"showImageEffects":true,"showParticleSystems":true,"showVisualEffectGraphs":true,"m_FxEnabled":true},"in2DMode":false,"pivot":{"x":0.06319442391395569,"y":2.5350000858306886,"z":1.9070000648498536},"rotation":{"x":0.533170759677887,"y":-0.019032634794712068,"z":0.011998262256383896,"w":0.8457140326499939},"size":0.3473111689090729,"orthographic":false}