{"cameraMode":{"drawMode":0,"name":"Shaded","section":"Shading Mode"},"sceneLighting":false,"audioPlay":false,"sceneViewState":{"m_AlwaysRefresh":false,"showFog":true,"showSkybox":false,"showFlares":true,"showImageEffects":true,"showParticleSystems":true,"showVisualEffectGraphs":true,"m_FxEnabled":true},"in2DMode":false,"pivot":{"x":1.7881393432617188e-7,"y":1.2173445224761963,"z":-0.0738823413848877},"rotation":{"x":-0.07064752280712128,"y":0.9268060922622681,"z":-0.22269287705421449,"w":-0.2940218448638916},"size":1.9156256914138795,"orthographic":false}